{
  "mrr": 0.6621011878033449,
  "hits@1": 0.5450758702767033,
  "hits@3": 0.7341565010413568,
  "hits@5": 0.8042249330556382,
  "hits@10": 0.8820291579886939,
  "rule_match_rate": 0.8437964891401368,
  "rule_contrib": 0.8599236768578107
}