{
  "mrr": 0.6658189725558147,
  "hits@1": 0.5544241573033708,
  "hits@3": 0.7313904494382022,
  "hits@5": 0.7984550561797753,
  "hits@10": 0.8802668539325843,
  "rule_match_rate": 0.8160112359550562,
  "rule_contrib": 0.8577871277007494
}