{
  "mrr": 0.610085054379559,
  "hits@1": 0.4892889021124665,
  "hits@3": 0.698899137161559,
  "hits@5": 0.7613805415055043,
  "hits@10": 0.7990181493603095,
  "rule_match_rate": 0.8437964891401368,
  "rule_contrib": 0.8599236768578107
}