{"epochs": [1, 2, 3, 4, 5, 6, 7, 8, 9], "train_losses": [1949.588826645689, 1782.2442060158858, 2829.4875110551093, 2409.9204847362726, 1563.1438631304989, 1116.7242146059739, 904.3467983385173, 1161.8225771729067, 819.2063688557685], "aux_losses": [0.0587209638510379, 0.014655565212249125, 0.022198092924986146, 0.047654343589369444, 0.01682629692710406, 0.007437539102946535, 0.01339885710970198, 0.0135766991070838, 0.013755655582492698], "rule_contributions": [0.5774024008438736, 0.7988612609075, 0.860261191030869, 0.8711042100720234, 0.8804603177683974, 0.8493612597859095, 0.8709146396543334, 0.8694410990225014, 0.8792850184903154], "rule_match_rates": [0.824919165196943, 0.8262419165196943, 0.8244782480893592, 0.8259112286890065, 0.8260337056633352, 0.8265726043503822, 0.8254213207916912, 0.8256540270429159, 0.8250048990789731], "valid_metrics": [{"auc": 0.9331868624011028, "auc_pr": 0.9229443130738857, "avg_pos_score": 237.94672414416843, "avg_neg_score": 22.159605418338728, "avg_pos_gnn": 1756.5982616657573, "avg_neg_gnn": 182.94158871182037, "avg_pos_rule_contrib": 0.14962965465175224, "avg_neg_rule_contrib": 0.14962965465175224}, {"auc": 0.9453346611007, "auc_pr": 0.9346546946813733, "avg_pos_score": 179.77104572776642, "avg_neg_score": 16.167648913608286, "avg_pos_gnn": 1388.6983101832411, "avg_neg_gnn": 123.76296414685633, "avg_pos_rule_contrib": 0.14813404235775474, "avg_neg_rule_contrib": 0.14813404235775474}, {"auc": 0.94557278168272, "auc_pr": 0.9420063718726748, "avg_pos_score": 91.39191279892847, "avg_neg_score": 10.08750417825448, "avg_pos_gnn": 1074.57527973558, "avg_neg_gnn": 117.89012907167145, "avg_pos_rule_contrib": 0.09539476730960793, "avg_neg_rule_contrib": 0.09539476730960793}]}