{
  "mrr": 0.5836354348174907,
  "hits@1": 0.45365853658536587,
  "hits@3": 0.651219512195122,
  "hits@5": 0.748780487804878,
  "hits@10": 0.8512195121951219,
  "rule_match_rate": 0.6292682926829268,
  "rule_contrib": 0.7554616241920286
}