{
  "mrr": 0.9472881907053986,
  "hits@1": 0.9096074380165289,
  "hits@3": 0.9860537190082644,
  "hits@5": 0.987603305785124,
  "hits@10": 0.987603305785124,
  "rule_match_rate": 0.32644628099173556,
  "rule_contrib": 0.5950880598831029
}