{"epochs": [1, 2, 3, 4, 5, 6, 7, 8, 9], "train_losses": [699.0608180252544, 801.472382032702, 1663.891514286132, 1353.651816227467, 1128.3945817332565, 599.0558170321696, 788.2283061056538, 585.2271865956058, 595.8443364086087], "aux_losses": [0.03346385315021499, 0.023956328045997892, 0.02151889084761248, 0.019527920928206745, 0.022285733965626463, 0.02608207994502514, 0.02439596179131835, 0.026990178235017863, 0.029362431037630324], "rule_contributions": [0.34536544381053524, 0.5261846052930266, 0.5434396568089815, 0.5357922763828881, 0.5472191680519577, 0.5322117324069446, 0.5196909405627024, 0.5206902904724765, 0.5124627635517998], "rule_match_rates": [0.9138564878605027, 0.9130161068085713, 0.9136634674775502, 0.9127072741958474, 0.9110472989024564, 0.9114036442248301, 0.9116263600513137, 0.912282629353352, 0.9118579845108566], "valid_metrics": [{"auc": 0.9484862964346531, "auc_pr": 0.950379233264854, "avg_pos_score": 325.05866756719865, "avg_neg_score": -1.1673735481358205, "avg_pos_gnn": 2641.6431671035725, "avg_neg_gnn": 9.935338488597427, "avg_pos_rule_contrib": 0.4115885199457503, "avg_neg_rule_contrib": 0.4115885199457503}, {"auc": 0.9467382738031502, "auc_pr": 0.9494036820230346, "avg_pos_score": 239.290298760149, "avg_neg_score": -0.5617304388114934, "avg_pos_gnn": 1236.2145635880768, "avg_neg_gnn": 4.208090567226983, "avg_pos_rule_contrib": 0.4821069954882755, "avg_neg_rule_contrib": 0.4821069954882755}, {"auc": 0.9482890887042769, "auc_pr": 0.9467304375326495, "avg_pos_score": 84.45796282173242, "avg_neg_score": 1.0088038414687852, "avg_pos_gnn": 491.3670288385558, "avg_neg_gnn": 3.84335424809984, "avg_pos_rule_contrib": 0.4776183479147686, "avg_neg_rule_contrib": 0.4776183479147686}]}