{
  "mrr": 0.5771838659575509,
  "hits@1": 0.45656054745611424,
  "hits@3": 0.652484379648914,
  "hits@5": 0.7212139244272537,
  "hits@10": 0.7761083011008628,
  "rule_match_rate": 0.8437964891401368,
  "rule_contrib": 0.8640389492986317
}