{
  "mrr": 0.5671383636191398,
  "hits@1": 0.44410569105691056,
  "hits@3": 0.633130081300813,
  "hits@5": 0.7032520325203252,
  "hits@10": 0.8038617886178862,
  "rule_match_rate": 0.7967479674796748,
  "rule_contrib": 0.7788880985926806
}