{
  "mrr": 0.4619408856001306,
  "hits@1": 0.35264227642276424,
  "hits@3": 0.5,
  "hits@5": 0.5772357723577236,
  "hits@10": 0.6504065040650406,
  "rule_match_rate": 0.7967479674796748,
  "rule_contrib": 0.7788880985926806
}