{"epochs": [1, 2, 3, 4, 5, 6, 7, 8, 9, 10, 11, 12, 13, 14, 15, 16, 17, 18, 19, 20, 21, 22, 23, 24, 25, 26, 27], "train_losses": [1962.9124408234331, 2080.505319093403, 2282.6410350369333, 1980.6533164906323, 2159.648525885173, 2571.5232546239868, 2207.834221976144, 1924.396976094497, 1909.7228765738637, 1852.392648713033, 1170.5854321547918, 2232.9569221546776, 1737.655603491274, 2270.8846017400124, 1590.0343352126, 1168.642681124515, 1468.5974902954317, 1119.2861747929924, 1566.4111215449814, 1093.093975838862, 1691.161011739781, 1672.8398609161377, 1137.4553918578572, 1880.897428711554, 1090.4232015708335, 1652.5012411739592, 1293.3710610516985], "aux_losses": [0.18337810594112353, 0.21718642311660866, 0.18962024972963154, 0.13424298452927655, 0.05940467995920576, 0.04339719929249215, 0.043396410595317535, 0.03956940216257384, 0.04425459497965368, 0.06156912110605858, 0.05947158134129262, 0.05081149043613359, 0.038942124883651286, 0.04405417065731341, 0.0410953361428994, 0.03503678482782124, 0.0371213934377284, 0.03275098256710777, 0.030351567173138597, 0.034485586946900175, 0.020913253674857822, 0.022880514884101495, 0.016515846469236494, 0.013293500144132659, 0.01155858643395, 0.00711358876293175, 0.009681641705390206], "rule_contributions": [0.05061257354691064, 0.41806215641641975, 0.4897662482987669, 0.5748586029486549, 0.6243632794322824, 0.6152213195660957, 0.6731009895640209, 0.699464145907782, 0.7059598896736489, 0.6777558512705609, 0.7026517153682565, 0.7221084821941262, 0.7382842389712656, 0.7282595322992569, 0.7352898461478097, 0.7351938526433214, 0.734834737347481, 0.7012080861661667, 0.7549254020353905, 0.735758731463798, 0.747676917708906, 0.7637804751109359, 0.7406565909995172, 0.7667232171485299, 0.7614944678052027, 0.7638899052053466, 0.7721951019046898], "rule_match_rates": [0.756484962406015, 0.7581766917293233, 0.7574248120300752, 0.7548872180451128, 0.7581296992481202, 0.7524906015037593, 0.7517857142857143, 0.756954887218045, 0.7536184210526315, 0.7601033834586466, 0.7584586466165414, 0.7600563909774436, 0.756484962406015, 0.756062030075188, 0.7568139097744361, 0.7571898496240601, 0.756578947368421, 0.7591635338345865, 0.7555451127819549, 0.7602913533834587, 0.7530075187969926, 0.7541353383458647, 0.7586936090225563, 0.7526785714285714, 0.7548402255639097, 0.7537124060150376, 0.7563439849624061], "valid_metrics": [{"auc": 0.8135086420682416, "auc_pr": 0.7404373234803672, "avg_pos_score": 59.59087836198463, "avg_neg_score": 23.34124216595798, "avg_pos_gnn": 141.6449086802625, "avg_neg_gnn": 37.388644437056136, "avg_pos_rule_contrib": 0.47932546392296477, "avg_neg_rule_contrib": 0.47932546392296477}, {"auc": 0.8080260621191782, "auc_pr": 0.7257523749828331, "avg_pos_score": 84.78909475153696, "avg_neg_score": 36.89569139145391, "avg_pos_gnn": 227.87137654722346, "avg_neg_gnn": 61.6964288835389, "avg_pos_rule_contrib": 0.4185300719274821, "avg_neg_rule_contrib": 0.4185300719274821}, {"auc": 0.8179415442391091, "auc_pr": 0.7378550416513587, "avg_pos_score": 61.52183631838039, "avg_neg_score": 26.132175405667848, "avg_pos_gnn": 212.04893901255477, "avg_neg_gnn": 55.96297130372626, "avg_pos_rule_contrib": 0.3253131410400317, "avg_neg_rule_contrib": 0.3253131410400317}, {"auc": 0.8283044985593069, "auc_pr": 0.7796933443249259, "avg_pos_score": 37.95717109780157, "avg_neg_score": 10.497178914143507, "avg_pos_gnn": 187.05416416232083, "avg_neg_gnn": 38.501130125152066, "avg_pos_rule_contrib": 0.2300362432783123, "avg_neg_rule_contrib": 0.2300362432783123}, {"auc": 0.8262762367169758, "auc_pr": 0.7658403659644756, "avg_pos_score": 40.557007788606214, "avg_neg_score": 13.853250335940066, "avg_pos_gnn": 223.21129489542272, "avg_neg_gnn": 52.34916155457741, "avg_pos_rule_contrib": 0.19870723628558995, "avg_neg_rule_contrib": 0.19870723628558995}, {"auc": 0.8257033050213072, "auc_pr": 0.7554952651613651, "avg_pos_score": 51.56295765691069, "avg_neg_score": 16.733885763993904, "avg_pos_gnn": 222.1147291348268, "avg_neg_gnn": 44.77420305157488, "avg_pos_rule_contrib": 0.27010143232857525, "avg_neg_rule_contrib": 0.27010143232857525}, {"auc": 0.8386925447785849, "auc_pr": 0.8066856723857537, "avg_pos_score": 47.785940981620506, "avg_neg_score": 12.279058050731834, "avg_pos_gnn": 209.41136851218093, "avg_neg_gnn": 44.07687217862572, "avg_pos_rule_contrib": 0.25216205021964505, "avg_neg_rule_contrib": 0.25216205021964505}, {"auc": 0.8435185533683782, "auc_pr": 0.7849763974443809, "avg_pos_score": 40.92802774912253, "avg_neg_score": 13.067589461925326, "avg_pos_gnn": 237.05615365797757, "avg_neg_gnn": 54.837701285787396, "avg_pos_rule_contrib": 0.19427920256289968, "avg_neg_rule_contrib": 0.19427920256289968}, {"auc": 0.8375466813872474, "auc_pr": 0.797168702774141, "avg_pos_score": 36.38725647165732, "avg_neg_score": 9.222489159188571, "avg_pos_gnn": 204.63131331446712, "avg_neg_gnn": 35.22935878791692, "avg_pos_rule_contrib": 0.1989463112471294, "avg_neg_rule_contrib": 0.1989463112471294}]}