{
  "mrr": 0.91930648085359,
  "hits@1": 0.8667023554603854,
  "hits@3": 0.9721627408993576,
  "hits@5": 0.9796573875802997,
  "hits@10": 0.9812633832976445,
  "rule_match_rate": 0.3270877944325482,
  "rule_contrib": 0.5802466568140198
}