{
  "mrr": 0.863837499936447,
  "hits@1": 0.7966942148760331,
  "hits@3": 0.9206611570247933,
  "hits@5": 0.9512396694214876,
  "hits@10": 0.971900826446281,
  "rule_match_rate": 0.7851239669421488,
  "rule_contrib": 0.3074109602565608
}