{
  "mrr": 0.8617223686221802,
  "hits@1": 0.780564263322884,
  "hits@3": 0.9420062695924765,
  "hits@5": 0.9592476489028213,
  "hits@10": 0.963166144200627,
  "rule_match_rate": 0.3166144200626959,
  "rule_contrib": 0.5868305293697175
}