{
  "mrr": 0.9384831957861512,
  "hits@1": 0.8949843260188087,
  "hits@3": 0.9835423197492164,
  "hits@5": 0.9866771159874608,
  "hits@10": 0.9866771159874608,
  "rule_match_rate": 0.3166144200626959,
  "rule_contrib": 0.5868305293697175
}