{"epochs": [1, 2, 3, 4, 5, 6, 7, 8, 9, 10, 11, 12], "train_losses": [1186.8268425949907, 920.3461538760712, 919.1079446622404, 681.3023305804329, 698.3316917187344, 721.0481267094964, 844.4022438884837, 879.8021532216255, 725.8233982426578, 849.7387570993739, 421.1987730792138, 961.5241222831704], "aux_losses": [0.04561464138230128, 0.020563695786670565, 0.024550213300276843, 0.025762939237052668, 0.017736916490734327, 0.03124271743109444, 0.02463083850785782, 0.02898008135974319, 0.02439203164691331, 0.021119843731609595, 0.02015322229377156, 0.023767234185424833], "rule_contributions": [0.006153066381592315, 0.420280845555584, 0.484672927487213, 0.5107487525823897, 0.543111999390048, 0.5640715663060326, 0.5838794081436146, 0.5978586658791455, 0.6050662318337984, 0.6266766619541652, 0.6083848535311257, 0.6267760635125602], "rule_match_rates": [0.3230088495575221, 0.3213495575221239, 0.32245575221238937, 0.3213495575221239, 0.3219026548672566, 0.32337758112094395, 0.32171828908554573, 0.32079646017699115, 0.32116519174041297, 0.3226401179941003, 0.3222713864306785, 0.32319321533923306], "valid_metrics": [{"auc": 0.9184870244394053, "auc_pr": 0.9163395162133204, "avg_pos_score": 50.43384933017549, "avg_neg_score": 2.7682100197625537, "avg_pos_gnn": 144.53949682371956, "avg_neg_gnn": 3.7826126885792566, "avg_pos_rule_contrib": 0.4708024606345192, "avg_neg_rule_contrib": 0.4708024606345192}, {"auc": 0.9296485260770975, "auc_pr": 0.9281158840355338, "avg_pos_score": 50.54292951439108, "avg_neg_score": 0.6968074840212625, "avg_pos_gnn": 175.34956486717104, "avg_neg_gnn": -0.603674356521122, "avg_pos_rule_contrib": 0.4049704986905295, "avg_neg_rule_contrib": 0.4049704986905295}, {"auc": 0.9297089947089947, "auc_pr": 0.925403873744773, "avg_pos_score": 54.92240468727218, "avg_neg_score": 1.52571928993104, "avg_pos_gnn": 250.63769724709647, "avg_neg_gnn": 1.4110675312223888, "avg_pos_rule_contrib": 0.35797832312565003, "avg_neg_rule_contrib": 0.35797832312565003}, {"auc": 0.9158667170571932, "auc_pr": 0.9065732428680244, "avg_pos_score": 92.72858130688232, "avg_neg_score": 2.851309210511427, "avg_pos_gnn": 478.5443889962302, "avg_neg_gnn": 0.326016556648981, "avg_pos_rule_contrib": 0.35581847005893313, "avg_neg_rule_contrib": 0.35581847005893313}]}