{
  "mrr": 0.9558203965346823,
  "hits@1": 0.9172335600907029,
  "hits@3": 0.9943310657596371,
  "hits@5": 0.9965986394557823,
  "hits@10": 0.9965986394557823,
  "rule_match_rate": 0.9523809523809523,
  "rule_contrib": 0.637735056633852
}