{"epochs": [1, 2, 3, 4, 5, 6, 7, 8, 9], "train_losses": [676.7715486413028, 1061.8675355771302, 1245.2394469444107, 1049.4172974667458, 728.2926383488333, 630.6132701655354, 690.2554474361788, 736.2636188707262, 497.7264477671817], "aux_losses": [0.06199764467549337, 0.025057629330193065, 0.022115109887645742, 0.0248046011539016, 0.02505293334746417, 0.026728962011151092, 0.02723337022443175, 0.026624153393556987, 0.026934938643916474], "rule_contributions": [0.25851827259692883, 0.5204768684268998, 0.5463513928451877, 0.5434039025030546, 0.5582574433032071, 0.5576394457424712, 0.5603622486131496, 0.5531859737615915, 0.5500076659945322], "rule_match_rates": [0.9078878406708596, 0.9068396226415094, 0.9045934411500449, 0.9096473495058401, 0.9074573225516621, 0.9083932315064391, 0.904265873015873, 0.904471772985924, 0.9093197813716681], "valid_metrics": [{"auc": 0.9444849158320121, "auc_pr": 0.9504920235227713, "avg_pos_score": 186.2084546601187, "avg_neg_score": -0.6601000568617674, "avg_pos_gnn": 1001.03732666143, "avg_neg_gnn": 3.9073595686757914, "avg_pos_rule_contrib": 0.4386637590833665, "avg_neg_rule_contrib": 0.4386637590833665}, {"auc": 0.9595901006558437, "auc_pr": 0.9627021865716023, "avg_pos_score": 170.48111120722498, "avg_neg_score": -0.7155715813931236, "avg_pos_gnn": 906.904333994814, "avg_neg_gnn": 3.602244140598538, "avg_pos_rule_contrib": 0.43817284760005587, "avg_neg_rule_contrib": 0.43817284760005587}, {"auc": 0.9498662618804325, "auc_pr": 0.952497356139443, "avg_pos_score": 111.36460917662744, "avg_neg_score": -1.4259417301268844, "avg_pos_gnn": 639.9113721959739, "avg_neg_gnn": -0.25360456092832395, "avg_pos_rule_contrib": 0.44013944065544885, "avg_neg_rule_contrib": 0.44013944065544885}]}