{
  "mrr": 0.6705783814617798,
  "hits@1": 0.5612716763005781,
  "hits@3": 0.738728323699422,
  "hits@5": 0.8005780346820809,
  "hits@10": 0.8786127167630058,
  "rule_match_rate": 0.8312138728323699,
  "rule_contrib": 0.8993461693642456
}