{
  "mrr": 0.6510058639586844,
  "hits@1": 0.5298102981029811,
  "hits@3": 0.7269647696476965,
  "hits@5": 0.8039747064137308,
  "hits@10": 0.8748870822041553,
  "rule_match_rate": 0.8306233062330624,
  "rule_contrib": 0.904121030663841
}