{
  "mrr": 0.9087449341438703,
  "hits@1": 0.8404255319148937,
  "hits@3": 0.9787234042553191,
  "hits@5": 0.9946808510638298,
  "hits@10": 0.9973404255319149,
  "rule_match_rate": 0.14361702127659576,
  "rule_contrib": 0.7147362019391136
}