{
  "mrr": 0.9730234315948603,
  "hits@1": 0.9501133786848073,
  "hits@3": 0.9965986394557823,
  "hits@5": 0.9965986394557823,
  "hits@10": 0.9965986394557823,
  "rule_match_rate": 0.22448979591836735,
  "rule_contrib": 0.6680668476217188
}