{
  "mrr": 0.9663079368627702,
  "hits@1": 0.9413811563169164,
  "hits@3": 0.9914346895074947,
  "hits@5": 0.992237687366167,
  "hits@10": 0.992237687366167,
  "rule_match_rate": 0.3270877944325482,
  "rule_contrib": 0.5802466568140198
}