{"epochs": [1, 2, 3, 4, 5, 6], "train_losses": [818.4419437841799, 864.1221005916595, 891.6247235314152, 589.5326106730747, 490.8625543958486, 560.3233630249836], "aux_losses": [0.02646131280261, 0.011804020165053804, 0.012002436779009909, 0.009723066950004071, 0.015013583478098296, 0.021926096520359546], "rule_contributions": [0.2847651561851022, 0.5430955811866425, 0.5753991764890073, 0.5716274496738016, 0.5803746203081663, 0.6194562889963576], "rule_match_rates": [0.3403058550464211, 0.3409048367774783, 0.3405023959269242, 0.3402590595986822, 0.340633423180593, 0.34081124588200057], "valid_metrics": [{"auc": 0.9489535095747967, "auc_pr": 0.9526564896782213, "avg_pos_score": 47.317623467623406, "avg_neg_score": -0.8729246142801704, "avg_pos_gnn": 181.48432860514544, "avg_neg_gnn": -1.3992688573483414, "avg_pos_rule_contrib": 0.4087245198730805, "avg_neg_rule_contrib": 0.4087245198730805}, {"auc": 0.9475246607409056, "auc_pr": 0.9511175423642076, "avg_pos_score": 85.82876574869599, "avg_neg_score": -1.907335190376585, "avg_pos_gnn": 500.7191351398064, "avg_neg_gnn": -2.5792403457862636, "avg_pos_rule_contrib": 0.37345520134557186, "avg_neg_rule_contrib": 0.37345520134557186}]}