{
  "mrr": 0.9721914047247168,
  "hits@1": 0.9513007614213198,
  "hits@3": 0.9931789340101523,
  "hits@5": 0.9933375634517766,
  "hits@10": 0.993496192893401,
  "rule_match_rate": 0.4038705583756345,
  "rule_contrib": 0.027532341516562524
}