{
  "mrr": 0.661922833613032,
  "hits@1": 0.5478813559322034,
  "hits@3": 0.7300847457627119,
  "hits@5": 0.7966101694915254,
  "hits@10": 0.8690677966101695,
  "rule_match_rate": 0.7906779661016949,
  "rule_contrib": 0.8528048464807413
}