{
  "mrr": 0.6160238419712296,
  "hits@1": 0.5072033898305085,
  "hits@3": 0.6885593220338984,
  "hits@5": 0.7461864406779661,
  "hits@10": 0.7860169491525424,
  "rule_match_rate": 0.7906779661016949,
  "rule_contrib": 0.8528048464807413
}