{"epochs": [1, 2, 3, 4, 5, 6, 7, 8, 9, 10, 11, 12, 13, 14, 15, 16, 17, 18, 19, 20, 21], "train_losses": [1891.5282586720973, 1363.9198750055873, 1199.3384762687244, 1253.083620758871, 998.2964886640289, 1130.3551910209342, 1437.359517635383, 1336.507396119373, 1317.930964554472, 1183.5297517964405, 1172.2713816898015, 1257.5217936998126, 1054.6546407669832, 879.4869107362281, 1084.486488374779, 1224.1110438517553, 1038.9167755844167, 955.0659077989644, 940.5503042519387, 861.7181612482212, 783.5332980441734], "aux_losses": [0.1536271445245187, 0.09723077965242719, 0.024216888604719308, 0.028860282220178834, 0.01811929895467628, 0.018370092328032248, 0.021179088269022397, 0.007862273439664044, 0.008122655180357825, 0.02048154548192871, 0.024797384208909347, 0.02101954761953728, 0.02719560653515686, 0.017207162604592312, 0.013342381289843561, 0.02287568477531421, 0.020250702616322804, 0.016816736825960514, 0.02770635280421704, 0.02673777294068403, 0.017918241123113725], "rule_contributions": [0.21487774082714897, 0.48809447326683647, 0.5680870468589081, 0.6500475331284534, 0.6829195456160309, 0.7099976107013245, 0.7623041877018407, 0.7669709639008997, 0.7630607776453929, 0.8000433140591839, 0.7970397157230596, 0.805252925809381, 0.8146550638726584, 0.8164448690140385, 0.8299540675723885, 0.8319081046506884, 0.8142503491176173, 0.8247305380886999, 0.8456692211146425, 0.8394290234263503, 0.8350643505799555], "rule_match_rates": [0.7721768174354381, 0.7715703836393492, 0.7748544558889386, 0.7737348858038513, 0.7731004627556352, 0.7716636811464398, 0.77414539483505, 0.7737162263024332, 0.7715144051350948, 0.7721301686818929, 0.7725313479623825, 0.7705907598148978, 0.7717569786535303, 0.7730631437527989, 0.7726526347216003, 0.7715050753843857, 0.7721394984326019, 0.7718689356620391, 0.7745838931183759, 0.7740241080758322, 0.7738748320644873], "valid_metrics": [{"auc": 0.9070538469912236, "auc_pr": 0.9015378996479164, "avg_pos_score": 69.90956464703123, "avg_neg_score": 12.916802381109415, "avg_pos_gnn": 171.73612307615284, "avg_neg_gnn": 36.35736610447768, "avg_pos_rule_contrib": 0.4439857684420885, "avg_neg_rule_contrib": 0.4439857684420885}, {"auc": 0.9250674484905366, "auc_pr": 0.9223642584544594, "avg_pos_score": 79.66235000380087, "avg_neg_score": 7.611026144084101, "avg_pos_gnn": 291.7980297053709, "avg_neg_gnn": 42.347313669467056, "avg_pos_rule_contrib": 0.30450997183396517, "avg_neg_rule_contrib": 0.30450997183396517}, {"auc": 0.9261674399583394, "auc_pr": 0.9157623581846752, "avg_pos_score": 63.71640863282347, "avg_neg_score": 6.424737043796973, "avg_pos_gnn": 319.2399343906504, "avg_neg_gnn": 41.94272409172451, "avg_pos_rule_contrib": 0.21592343197320787, "avg_neg_rule_contrib": 0.21592343197320787}, {"auc": 0.9305376166925086, "auc_pr": 0.9236204733910219, "avg_pos_score": 79.67654487812703, "avg_neg_score": 6.209089507328068, "avg_pos_gnn": 409.08917273992535, "avg_neg_gnn": 48.177076494100774, "avg_pos_rule_contrib": 0.21257030622679005, "avg_neg_rule_contrib": 0.21257030622679005}, {"auc": 0.9292416053476282, "auc_pr": 0.9187498536365987, "avg_pos_score": 88.78284555507463, "avg_neg_score": 5.538075130055843, "avg_pos_gnn": 485.4173863441212, "avg_neg_gnn": 43.235894501362615, "avg_pos_rule_contrib": 0.1993899321244266, "avg_neg_rule_contrib": 0.1993899321244266}, {"auc": 0.9323330557917437, "auc_pr": 0.9342330058979742, "avg_pos_score": 82.14772748809122, "avg_neg_score": 5.283223921040115, "avg_pos_gnn": 421.3033359210242, "avg_neg_gnn": 40.507320751252344, "avg_pos_rule_contrib": 0.2039894823681429, "avg_neg_rule_contrib": 0.2039894823681429}, {"auc": 0.9292110806763385, "auc_pr": 0.9202954225277865, "avg_pos_score": 75.90755364756335, "avg_neg_score": 9.654314470747375, "avg_pos_gnn": 475.0840443654903, "avg_neg_gnn": 61.231091124524795, "avg_pos_rule_contrib": 0.17208953916796485, "avg_neg_rule_contrib": 0.17208953916796485}]}