{
  "mrr": 0.9713494285047819,
  "hits@1": 0.9496151154653604,
  "hits@3": 0.9926522043386984,
  "hits@5": 0.9933519944016795,
  "hits@10": 0.9933519944016795,
  "rule_match_rate": 0.2974107767669699,
  "rule_contrib": 0.6540855539479066
}