{"epochs": [1, 2, 3, 4, 5, 6, 7, 8, 9, 10, 11, 12, 13, 14, 15, 16, 17, 18, 19, 20, 21], "train_losses": [1170.9615401171102, 778.8930553972601, 1042.9797885125313, 690.9095035750621, 847.4251083512181, 629.0493353271868, 489.5661352740927, 867.9598746366904, 583.6973113322881, 884.9833785417813, 450.08311177067594, 944.3906005748081, 1349.9565763391959, 971.1300842454975, 704.6898414004496, 788.4008147658957, 707.0113147485184, 455.5080600070282, 564.7444543346793, 517.155981358628, 541.4654794144678], "aux_losses": [0.03337274402449324, 0.028675559372570877, 0.008709532365678872, 0.008761795687393643, 0.025049139542216565, 0.03810742599336839, 0.025391913466043095, 0.030009929060756082, 0.031120621222605407, 0.02883816243222422, 0.029770947865377248, 0.02488265822452289, 0.024905141790620457, 0.025174176969735975, 0.023931362457251106, 0.02401970185421902, 0.025199216943219215, 0.023778837422467395, 0.02215170264862463, 0.02343649470099291, 0.025262496763956498], "rule_contributions": [0.1578447106378659, 0.4311736885540682, 0.4975062473199257, 0.5020921606592968, 0.5403124096407976, 0.5699218226750372, 0.5786356287343162, 0.5793291200814352, 0.6018459136697129, 0.6267664789913646, 0.6673758387925399, 0.6561823035149987, 0.6413289620363016, 0.6482850684366476, 0.6449708619587858, 0.6463445993496378, 0.6304377079969441, 0.6057519566125313, 0.588114604803638, 0.5764453413500872, 0.5815390307658634], "rule_match_rates": [0.3675804828973843, 0.3656941649899396, 0.3648138832997988, 0.3665744466800805, 0.36519114688128773, 0.36343058350100604, 0.3650653923541248, 0.3653169014084507, 0.3654426559356137, 0.3631790744466801, 0.3650653923541248, 0.3653169014084507, 0.3650653923541248, 0.36456237424547283, 0.3659456740442656, 0.3648138832997988, 0.3641851106639839, 0.3653169014084507, 0.36405935613682094, 0.36519114688128773, 0.3670774647887324], "valid_metrics": [{"auc": 0.9133581932146967, "auc_pr": 0.9173197667498758, "avg_pos_score": 98.75753859074774, "avg_neg_score": 2.944380030355055, "avg_pos_gnn": 341.28674301785884, "avg_neg_gnn": 0.26363227281886964, "avg_pos_rule_contrib": 0.47189410817380634, "avg_neg_rule_contrib": 0.47189410817380634}, {"auc": 0.9137307475388489, "auc_pr": 0.9083753003101838, "avg_pos_score": 112.31052581059728, "avg_neg_score": 3.7298755086878637, "avg_pos_gnn": 492.5957465516423, "avg_neg_gnn": 0.27255209852847606, "avg_pos_rule_contrib": 0.4202531863650112, "avg_neg_rule_contrib": 0.4202531863650112}, {"auc": 0.9056795620136733, "auc_pr": 0.9044757777930428, "avg_pos_score": 88.3778146118149, "avg_neg_score": 4.018513304773694, "avg_pos_gnn": 493.88304447968204, "avg_neg_gnn": 2.102461460762412, "avg_pos_rule_contrib": 0.3784548727839356, "avg_neg_rule_contrib": 0.3784548727839356}, {"auc": 0.9132515853619393, "auc_pr": 0.9120211108845732, "avg_pos_score": 159.13266410657087, "avg_neg_score": 6.073514097715216, "avg_pos_gnn": 785.3205875192451, "avg_neg_gnn": 1.1566570895769868, "avg_pos_rule_contrib": 0.38310058686156345, "avg_neg_rule_contrib": 0.38310058686156345}, {"auc": 0.9264331305109381, "auc_pr": 0.9140214314938633, "avg_pos_score": 113.12909501353857, "avg_neg_score": 5.984428083360578, "avg_pos_gnn": 754.7813050289991, "avg_neg_gnn": 2.3148008245472225, "avg_pos_rule_contrib": 0.33491059180500676, "avg_neg_rule_contrib": 0.33491059180500676}, {"auc": 0.9139531338123426, "auc_pr": 0.9110878715517003, "avg_pos_score": 125.75548808099562, "avg_neg_score": 4.285629492691804, "avg_pos_gnn": 647.0774402641382, "avg_neg_gnn": 0.14320257095504368, "avg_pos_rule_contrib": 0.39752815936630237, "avg_neg_rule_contrib": 0.39752815936630237}, {"auc": 0.9067909202206439, "auc_pr": 0.9058753564157465, "avg_pos_score": 115.76394313822722, "avg_neg_score": 4.403377175522565, "avg_pos_gnn": 554.1422106086314, "avg_neg_gnn": 2.7171776151759213, "avg_pos_rule_contrib": 0.42057070944944847, "avg_neg_rule_contrib": 0.42057070944944847}]}