{
  "mrr": 0.5953775766823646,
  "hits@1": 0.4787714543812105,
  "hits@3": 0.6736675700090334,
  "hits@5": 0.7389340560072267,
  "hits@10": 0.780713640469738,
  "rule_match_rate": 0.8306233062330624,
  "rule_contrib": 0.904121030663841
}