{"epochs": [1, 2, 3, 4, 5, 6, 7, 8, 9, 10, 11, 12, 13, 14, 15], "train_losses": [1756.40174674352, 2015.6448367216321, 1773.2757542042202, 2033.1421474249098, 1773.9943749504089, 2025.4398363316855, 1511.8835084698994, 1203.3500521649255, 1082.085250845803, 1340.1942056297726, 1150.1206566516028, 948.3021416893006, 1152.8843575314415, 1110.5661858607398, 926.6150383504232], "aux_losses": [0.09274603116181161, 0.02597549940314558, 0.010343924660856525, 0.021403895094369848, 0.02111500603871213, 0.012225092813062171, 0.010220961017016736, 0.005197495963993585, 0.002657779554370791, 0.0025758191076003844, 0.002670780271343473, 0.014557742505644759, 0.016505510962671704, 0.007912325225770473, 0.005717415718775656], "rule_contributions": [0.512680753486024, 0.7982416760656569, 0.8422116729418436, 0.8262747829755147, 0.8244739158418444, 0.8243190004030864, 0.8303914131058587, 0.8558273637559679, 0.8630656463305155, 0.8723282051616245, 0.8767559525701735, 0.8921429261101617, 0.8947458797030978, 0.9078914609485202, 0.9086925518247816], "rule_match_rates": [0.8048333333333333, 0.8034444444444444, 0.8050555555555555, 0.8040555555555555, 0.8038888888888889, 0.8060555555555555, 0.8032777777777778, 0.8056666666666666, 0.8049444444444445, 0.8033888888888889, 0.8046666666666666, 0.8038333333333333, 0.8036666666666666, 0.8035555555555556, 0.8043888888888889], "valid_metrics": [{"auc": 0.8925107756382078, "auc_pr": 0.8691352484947431, "avg_pos_score": 107.67574048802297, "avg_neg_score": 21.057862136777874, "avg_pos_gnn": 635.9802385622953, "avg_neg_gnn": 137.01712474646683, "avg_pos_rule_contrib": 0.17927672927256813, "avg_neg_rule_contrib": 0.17927672927256813}, {"auc": 0.9138435062393584, "auc_pr": 0.9017843389920327, "avg_pos_score": 95.35750289441323, "avg_neg_score": 12.711465640300876, "avg_pos_gnn": 554.4320811489656, "avg_neg_gnn": 81.98362164735903, "avg_pos_rule_contrib": 0.18956744075908158, "avg_neg_rule_contrib": 0.18956744075908158}, {"auc": 0.9185891912059823, "auc_pr": 0.9075337916051236, "avg_pos_score": 106.10435587785112, "avg_neg_score": 12.476672436284714, "avg_pos_gnn": 753.3162543993161, "avg_neg_gnn": 89.93316990262069, "avg_pos_rule_contrib": 0.15330500911951825, "avg_neg_rule_contrib": 0.15330500911951825}, {"auc": 0.9250908253137546, "auc_pr": 0.9202988838682118, "avg_pos_score": 103.34145040662726, "avg_neg_score": 14.195348941923926, "avg_pos_gnn": 936.9726776670301, "avg_neg_gnn": 134.45782084332453, "avg_pos_rule_contrib": 0.11819604136654216, "avg_neg_rule_contrib": 0.11819604136654216}, {"auc": 0.9206588325332452, "auc_pr": 0.9069298817682632, "avg_pos_score": 79.95525351705653, "avg_neg_score": 9.668236984753321, "avg_pos_gnn": 1070.7969233937554, "avg_neg_gnn": 120.84611123218902, "avg_pos_rule_contrib": 0.08437658725314881, "avg_neg_rule_contrib": 0.08437658725314881}]}