{
  "mrr": 0.666466775657937,
  "hits@1": 0.547071129707113,
  "hits@3": 0.7395397489539749,
  "hits@5": 0.8263598326359832,
  "hits@10": 0.899581589958159,
  "rule_match_rate": 0.7154811715481172,
  "rule_contrib": 0.8444615909245223
}