{
  "mrr": 0.6759777027733205,
  "hits@1": 0.5653179190751445,
  "hits@3": 0.7398843930635838,
  "hits@5": 0.8063583815028902,
  "hits@10": 0.8774566473988439,
  "rule_match_rate": 0.8023121387283237,
  "rule_contrib": 0.90399899579197
}