{
  "mrr": 0.6473072920587162,
  "hits@1": 0.5239385727190605,
  "hits@3": 0.725609756097561,
  "hits@5": 0.7987804878048781,
  "hits@10": 0.8737579042457091,
  "rule_match_rate": 0.8306233062330624,
  "rule_contrib": 0.904121030663841
}