{
  "mrr": 0.6560051928124643,
  "hits@1": 0.5386789645938709,
  "hits@3": 0.7292472478429038,
  "hits@5": 0.7985718536149955,
  "hits@10": 0.8711692948527224,
  "rule_match_rate": 0.8437964891401368,
  "rule_contrib": 0.8640389492986317
}