{
  "mrr": 0.6604070813587167,
  "hits@1": 0.5417837078651685,
  "hits@3": 0.7313904494382022,
  "hits@5": 0.8082865168539326,
  "hits@10": 0.898876404494382,
  "rule_match_rate": 0.9058988764044944,
  "rule_contrib": 0.8690202485644416
}