{"epochs": [1, 2, 3, 4, 5, 6], "train_losses": [1909.1252660485031, 1954.534407824786, 1949.2030628070909, 1532.065260824773, 1040.9892967375217, 1097.1737052606597], "aux_losses": [0.05080310807621949, 0.014632491240752034, 0.013470494067093806, 0.01407555919052975, 0.009310898918281805, 0.0077445067211806004], "rule_contributions": [0.6017863311350942, 0.7846840128066048, 0.7999764535442512, 0.81119386533791, 0.8335160918266615, 0.8566358020065954], "rule_match_rates": [0.911730844601215, 0.9119880462473056, 0.9125881834215167, 0.9115593768371546, 0.911302175191064, 0.9112531844013326], "valid_metrics": [{"auc": 0.9310800003275215, "auc_pr": 0.9197718753912338, "avg_pos_score": 194.43664213032116, "avg_neg_score": 13.936789355847568, "avg_pos_gnn": 983.1378492029442, "avg_neg_gnn": 79.2332764998754, "avg_pos_rule_contrib": 0.2163161728442213, "avg_neg_rule_contrib": 0.2163161728442213}, {"auc": 0.9372453253427584, "auc_pr": 0.9317592740837056, "avg_pos_score": 91.7198140339588, "avg_neg_score": 7.748874128391624, "avg_pos_gnn": 921.452320667326, "avg_neg_gnn": 84.24649065491123, "avg_pos_rule_contrib": 0.11160116967231676, "avg_neg_rule_contrib": 0.11160116967231676}]}